Workbook

Sheet Raw Data
A1: Date | B1: Product | C1: Quantity | D1: Sales
A2: 46266 | B2: Laptop | C2: 2 | D2: 1200
A3: 46267 | B3: Mouse | C3: 5 | D3: 250
A4: 46268 | B4: Keyboard | C4: 3 | D4: 450
A5: 46269 | B5: Monitor | C5: 2 | D5: 600
A6: 46270 | B6: Laptop | C6: 1 | D6: 600
A7: 46273 | B7: Mouse | C7: 4 | D7: 200
A8: 46275 | B8: Keyboard | C8: 2 | D8: 300
A9: 46277 | B9: Monitor | C9: 3 | D9: 900
A10: 46280 | B10: Laptop | C10: 2 | D10: 1200
A11: 46283 | B11: Mouse | C11: 6 | D11: 300
A12: 46285 | B12: Keyboard | C12: 4 | D12: 600
A13: 46290 | B13: Monitor | C13: 1 | D13: 300

Sheet Dashboard
D1: SALES TRACKER DASHBOARD
A3: Total Sales | C3: Total Quantity | E3: Average Sales
A4: =SUM('Raw Data'!D2:D1000) -> 6900 | C4: =SUM('Raw Data'!C2:C1000) -> 35 | E4: =AVERAGE('Raw Data'!D2:D1000) -> 575
A7: Date | B7: Daily Sales | D7: Week | E7: Weekly Sales | G7: Month | H7: Monthly Sales
A8: 46266 | B8: =SUMIF('Raw Data'!A:A,A8,'Raw Data'!D:D) -> 1200 | D8: Week 1 | E8: =SUMIFS('Raw Data'!D:D,'Raw Data'!A:A,">="&DATE(2026,9,1),'Raw Data'!A:A,"<="&DATE(2026,9,7)) -> 3100 | G8: September | H8: =SUMIFS('Raw Data'!D:D,'Raw Data'!A:A,">="&DATE(2026,9,1),'Raw Data'!A:A,"<"&DATE(2026,10,1)) -> 6900
A9: 46267 | B9: =SUMIF('Raw Data'!A:A,A9,'Raw Data'!D:D) -> 250 | D9: Week 2 | E9: =SUMIFS('Raw Data'!D:D,'Raw Data'!A:A,">="&DATE(2026,9,8),'Raw Data'!A:A,"<="&DATE(2026,9,14)) -> 1400 | G9: October | H9: =SUMIFS('Raw Data'!D:D,'Raw Data'!A:A,">="&DATE(2026,10,1),'Raw Data'!A:A,"<"&DATE(2026,11,1)) -> 0
A10: 46268 | B10: =SUMIF('Raw Data'!A:A,A10,'Raw Data'!D:D) -> 450 | D10: Week 3 | E10: =SUMIFS('Raw Data'!D:D,'Raw Data'!A:A,">="&DATE(2026,9,15),'Raw Data'!A:A,"<="&DATE(2026,9,21)) -> 2100
A11: 46269 | B11: =SUMIF('Raw Data'!A:A,A11,'Raw Data'!D:D) -> 600 | D11: Week 4 | E11: =SUMIFS('Raw Data'!D:D,'Raw Data'!A:A,">="&DATE(2026,9,22),'Raw Data'!A:A,"<="&DATE(2026,9,28)) -> 300
A12: 46270 | B12: =SUMIF('Raw Data'!A:A,A12,'Raw Data'!D:D) -> 600 | D12: Week 5 | E12: =SUMIFS('Raw Data'!D:D,'Raw Data'!A:A,">="&DATE(2026,9,29),'Raw Data'!A:A,"<="&DATE(2026,9,30)) -> 0
A13: 46273 | B13: =SUMIF('Raw Data'!A:A,A13,'Raw Data'!D:D) -> 200
A14: 46275 | B14: =SUMIF('Raw Data'!A:A,A14,'Raw Data'!D:D) -> 300
A15: 46277 | B15: =SUMIF('Raw Data'!A:A,A15,'Raw Data'!D:D) -> 900
A16: 46280 | B16: =SUMIF('Raw Data'!A:A,A16,'Raw Data'!D:D) -> 1200
A17: 46283 | B17: =SUMIF('Raw Data'!A:A,A17,'Raw Data'!D:D) -> 300
A18: 46285 | B18: =SUMIF('Raw Data'!A:A,A18,'Raw Data'!D:D) -> 600
A19: 46290 | B19: =SUMIF('Raw Data'!A:A,A19,'Raw Data'!D:D) -> 300
